Brand,urlsName
Optimum Nutrition,optimumnutrition
BSN,channel/UCWB4K6IcHqSF4x9aV_GJt8A
Isopure,theisopurecompany
SlimFast,slimfast
Quest Nutrition,questnutrition
Liquid I.V.,liquidiv
Premier Protein,premiernutritionnews
Dymatize,dymatize
Orgain,drinkorgain
Atkins,atkins
Muscle Milk,musclemilkofficial
Nature's Bounty,naturesbountyvitamins
NOW Foods,nowfoods
Nature Made,naturemade
Nature's Way,channel/UC6db-UsRXEdZ_6zHQEMeoLQ
Garden of Life,gardenofliferaw
Sports Research,sweetseweat
Vitafusion,vitafusion
Puritans Pride,puritanspridetv
Core Power,corepower
Boost,boost
Gatorade,gatorade
Soylent,soylent
Ensure,ensure
Goli,golitvmusic
Jacked Factory,jackedfactory
Dr.Tobias,Dr.Tobias
Hdroxycut,Hdroxycut
Herbtonics,channel/UCo-avlsdn95BnUySnnxp9Dg
ORPHIC NUTRITION,ORPHIC NUTRITION
Herbalife,herbalife
Cellucor,cellucor
GNC,GNC
Pure Protein,pureproteinofficial
Six Star,channel/UColVK23v4Wg1CIbtQHMZwqA
Myprotein,myproteinofficial
Grenade,grenade
Bulk,Bulk
Science in Sport,scienceinsport
Complan,Complan
PhD Nutrition,phdnutrition
Nu U Nutrition,channel/UCEcUF8r-vwE33Y-oCzCCC_g
Nature's aid,Nature's aid
Solgar,Solgar
Nutravita,Nutravita
Incite Nutrition,Incite Nutrition
Centrum,centrum
Zipvit,zipvit
Lindens,lindenstree
USN,usn
Maxinutrition,maxinutrition
PhD,channel/UCMyaHTuw9ix9CDkitUPowRA