websites,Status
https://www.1stsource.com,https://www.1stsource.com
https://www.1stnb.com,https://www.1stnb.com
https://www.bancfirst.bank,https://www.bancfirst.bank
https://www.scscu.mobi,404
https://www.1stsecurityofwabb.com,https://www.1stsecurityofwabb.com/dbank/live/app/login/consumer
https://www.bancfirst.com,https://www.bancfirst.bank
https://www.bankofdickson.com,403
https://www.bangoronlinebanking.com,https://www.bangoronlinebanking.com/dbank/live/app/login/consumer
https://www.bankfinancial.com,https://www.bankfinancial.com
https://www.bayfed.com,403
https://www.bankfive.com,https://www.bankfive.com/personal
https://www.bankatunion.com,404
https://www.bayfedonline.com,403
https://www.bankplus.net,https://www.bankplus.net
https://www.bayportcu.org,https://www.bayportcu.org
https://www.cambridgesavings.com,https://www.cambridgesavings.com
https://www.bankatpeoples.com,https://www.bankatpeoples.com/home/
https://www.busey.com,https://www.busey.com
https://www.centier.com,https://www.centier.com
https://www.ccuflorida.org,403
https://www.banking.com,https://www.ncr.com/company/blogs/financial
https://www.ccu.com,https://www.ccu.com
https://www.cacuonlinebanking.com,https://www.cacuonlinebanking.com/dbank/live/app/login/consumer
https://www.chemungcanal.com,403
https://www.chevronfcu.org,403
https://www.bfcu.org,https://www.bfcu.org/home/home
https://www.clearviewfcu.org,403
https://www.centralfcu.com,https://www.centralfcu.com
https://www.clackamascountybank.com,https://www.clackamascountybank.com
https://www.ccudigitalbanking.com,403
https://www.cfasociety.org,https://www.cfasociety.org/home
https://www.ncr.com,https://www.ncr.com
https://www.cnb.com,https://www.cnb.com
https://www.kitsapcu.org,https://www.kitsapcu.org
https://www.kitsapcuhb.org,403
https://www.columbiacu.org,https://www.columbiacu.org
https://www.columbiabankonline.com,https://www.columbiabankonline.com
https://www.coasthillsonline.coop,404
https://www.navigantcuhb.org,403
https://www.consumerscu.org,https://www.consumerscu.org
https://www.connexcu.org,https://www.connexcu.org/home/home
https://www.needhambank.com,403
https://www.navigantcu.org,https://navigantcu.org:443/
https://www.necommunitybankonline.com,404
https://www.nefcu.com,https://www.nefcu.com
https://www.nihfcu.org,https://www.nihfcu.org
https://www.nefcuonline.com,https://www.nefcu.com/
https://www.nrim.com,404
https://www.oldnational.com,403
https://www.oklahomacentral.org,https://www.oklahomacentral.org
https://www.onlinebayportcu.org,403
https://www.northrim.com,https://www.northrim.com
https://www.oneazcu.com,404
https://www.tbogconline.com,403
https://www.coasthills.coop,https://coasthills.coop/
https://www.orangecountyscu.org,https://www.orangecountyscu.org
https://www.teachersfcu.org,https://www.teachersfcu.org
https://www.ourfirstfed.com,https://www.ourfirstfed.com
https://www.teachersfcuonline.org,403
https://www.tdspsden.com,https://www.tdspsden.com
https://www.tcunet.com,https://www.tcunet.com
https://www.thirdfederal.com,403
https://www.thirdfederalonline.com,403
https://www.thrivent.com,403
https://www.texanscu.org,https://www.texanscu.org
https://www.towerfcu.org,403
https://www.thecsb.com,https://www.thecsb.com
https://www.tellernetpfcu.com,https://www.tellernetpfcu.com/dbank/live/app/login/consumer
https://www.oceanfirst.com,https://oceanfirst.com/
https://www.oregonstatecuonline.com,https://www.oregonstatecu.com/
https://www.townebank.com,https://www.townebank.com
https://www.truliantfcu.org,403
https://www.towerfcuonline.org,403
https://www.truwestcu.org,403
https://www.tucsonfcusecure.com,403
https://www.togethercu.org,https://www.togethercu.org/home/home
https://www.nuvisionfederal.org,https://nuvisionfederal.com/
https://www.townebanksecure.com,https://www.townebanksecure.com/dbank/live/app/login/consumer
https://www.transwestcu.com,https://www.transwestcu.com/home/home
https://www.tucsonfcu.com,https://www.tucsonfcu.com
https://www.iaacu.org,403
https://www.5staronlinebanking.com,https://www.5staronlinebanking.com
https://www.5pointcu.org,https://www.5pointcu.org
https://www.iconcreditunion.com,404
https://www.i-bankonline.com,https://www.i-bankonline.com
https://www.ibks.bank,404
https://www.ibankfarmers.com,https://www.ibankfarmers.com/dbank/live/app/login/consumer
https://www.ibankasb.com,https://www.ibankasb.com
https://www.idbglobalfcu.org,https://www.idbglobalfcu.org
https://www.ibscassbank.com,https://www.ibscassbank.com/legacyob/signon/
https://www.ichooseinb.com,https://www.ichooseinb.com
https://www.idbglobalfcuonline.org,https://www.idbglobalfcu.org/
https://www.igobanking.com,https://www.igobanking.com
https://www.ihmvcu.org,https://www.ihmvcu.org
https://www.ihmvcuonline.org,https://www.ihmvcuonline.org/dbank/live/app/login/consumer
https://www.truwest.org,https://truwest.org/
https://www.inroadscu.org,https://www.inroadscu.org
https://www.iqa000.com,404
https://www.ifsutrain.com,404
https://www.iucu.org,https://www.iucu.org
https://www.bangor.com,404
https://www.igobanking.net,404
https://www.bankunited.com,404
https://www.ivybankonline.com,403
https://www.ivybank.com,https://www.ivybank.com
https://www.iucuonline.org,https://www.iucu.org/
https://www.indianafirst.com,404
https://www.inspiruscu.org,404
https://www.investorsbank.com,403
https://www.jhfcu.org,https://www.jhfcu.org
https://www.jovia.org,403
https://www.jvbonline.com,403
https://www.johnsonstatebank.com,https://www.johnsonstatebank.com
https://www.safe1.org,403
https://www.infirstbank.com,https://www.infirstbank.bank
https://www.jordancu-onlinebanking.org,https://www.jordancu-onlinebanking.org/dbank/live/app/login/consumer
https://www.joviafinancial.com,403
https://www.sactocu.org,https://www.sactocu.org
https://www.saratoganationalonline.com,403
https://www.scefcuonline.org,403
https://www.sagaftrafcu.org,https://www.sagaftrafcu.org
https://www.safecredityounion.org,https://www.safecu.org/about/join-safe?utm_source=safecreditYOUnion
https://www.safecu.org,https://www.safecu.org
https://www.sbdanburyonline.com,https://www.sbdanburyonline.com
https://www.scscu.biz,404
https://www.scfederal.org,https://www.scfederal.org
https://www.saratoganationalbbonline.com/bbw/,404
https://www.scscu.info,404
https://www.scscu.com,https://www.scscu.com
https://www.scscu.net,404
https://www.scscu.org,404
https://www.scuonlinebanking.com,403
https://www.scuonline.com,404
https://www.sdfcu.org,https://www.sdfcu.org
https://www.seattlecu.com,https://www.seattlecu.com
https://www.bankunitedbusinessonlinebanking.com,404
https://www.ifidtps.com,404
https://www.securectbonline.com,404
https://www.securitycu.org,https://www.securitycu.org
https://www.sdmcu.org,https://www.wheelhousecu.com/
https://www.securityplusfcu.org,https://www.securityplusfcu.org
https://www.servucu.com,https://www.servucu.com/home/home
https://www.securedesjardinsbank.com,404
https://www.servucuonline.com,404
https://www.sharonbank.com,403
https://www.servicecu.org,https://servicecu.org/
https://www.servicecuonline.org,https://servicecu.org/
https://www.sesalesdemo.com,https://www.sesalesdemo.com
https://www.sharonview.org,https://www.sharonview.org
https://www.sharonviewonline.org,https://www.sharonview.org/
https://www.seymourbank.com,https://www.theseymourbank.com/
https://www.silverstatecu.com,https://www.silverstatecu.com
https://www.shorepremierfinance.com,https://www.shorepremierfinance.com
https://www.shrewsburycu.com,https://www.shrewsburycu.com/home/home
https://www.sikorskycu.org,https://www.sikorskycu.org
https://www.shcu.org,https://www.inroadscu.org/
https://www.simmonsbank.com,https://www.simmonsbank.com
https://www.skypointfcu.com,https://www.skypointfcu.com
https://www.sjnbank.com,https://www.sjnbank.com/home/home
https://www.smcu.com,404
https://www.smcuonline.com,404
https://www.soundcuonline.com,403
https://www.solerabankonline.com,https://www.solerabankonline.com
https://www.somersetsavings.com,https://www.somersetsavings.com/home/home
https://www.southeastfinancial.org,https://www.southeastfinancial.org
https://www.southeastfinancial.com,https://www.southeastfinancial.org
https://www.southernmass.com,404
https://www.southeastfinancial.net,https://www.southeastfinancial.org
https://www.southernonline.org,https://www.southernonline.org
https://www.spectrumcu.org,403
https://www.southeastfinancialob.org,https://www.southeastfinancialob.org/dbank/live/app/login/consumer
https://www.southpointfinancial.com,https://www.southpointfinancial.com
https://www.sperryfcu.org,404
https://www.srpebanking.org,https://www.srpebanking.org
https://www.southpointfed.com,https://www.southpointfinancial.com/
https://www.southpoint.bank,https://southpoint.bank/
https://www.southpointhomemortgage.com,https://southpointhomemortgage.com/
https://www.spencersavings.com,https://www.spencersavings.com
https://www.ssmap.com,404
https://www.ssb.bank,https://www.ssb.bank
https://www.statebankbr.com,404
https://www.srpfcu.org,https://srpfcu.org/
https://www.starone.org,https://www.starone.org
https://www.stanleybank.com,https://www.psbbanks.com/
https://www.statebankofburrtononline.com,https://www.statebankofburrtononline.com
https://www.sscuonline.net,https://www.717cu.com/
https://www.sterlingfederal.com,https://www.sterlingfederal.com
https://www.statebankofcanton.com,https://www.statebankofcanton.com
https://www.stockmanbank.com,https://www.stockmanbank.com
https://www.stockxbankonline.com,https://www.stockxbankonline.com
https://www.strategicfcu.org,https://www.strategicfcu.org
https://www.stjeanscu.com,https://www.stjeanscu.com
https://www.summitbtonline.com,404
https://www.sagaftrafcu.com,404
https://www.salyersvillebank.com,404
https://www.summitfcu.org,https://www.summitfcu.org
https://www.scfederalonie.org,404
https://www.sunmarkonlinebanking.org,https://www.sunmarkonlinebanking.org/dbank/live/app/login/consumer
https://www.sunmarkfcu.org,https://www.sunmark.org/
https://www.suneast.org,https://www.suneast.org
https://www.suneastonline.org,https://www.suneast.org
https://www.sunsouthbank.com,https://www.sunsouthbank.com
https://www.joinsafetoday.com,404
https://www.joinsafetoday.org,404
https://www.svb.com,https://www.svb.com
https://www.superiorfcu.com,https://www.superiorfcu.com
https://www.sunsouthbankonline.com,404
https://www.securercbank.com,404
https://www.synergyfcu.org,403
https://www.secuwa.org,404
https://www.senbonline.com,404
https://www.svbfamilyonline.com,https://www.svbfamilyonline.com/home/home
https://www.superiorcu.com,https://www.superiorcu.com
https://www.valleycentral.org,https://www.valleycentral.org
https://www.valley.com,https://www.valley.com
https://www.vermontfederal.org,https://www.vermontfederal.org
https://www.valuefinance.loan,https://valuefinance.loan/
https://www.swineford.com,https://www.fultonbank.com/Personal?redirectSource=Swineford
https://www.valleynationalbank.com,404
https://www.velocitycommunity.org,https://www.velocitycommunity.org
https://www.vermontfederal-onlinebanking.org,https://www.vermontfederal.org/
https://www.verabank.com,https://www.verabank.com
https://www.vibecreditunion.com,https://www.vibecreditunion.com/home/home
https://www.shorebankdirect.com,404
https://www.dcu-online.org,403
https://www.vystarcu.org,403
https://www.vantagewest.org,https://vantagewest.org/
https://www.simontownemortgage.com,404
https://www.dcu.org,https://www.dcu.org
https://www.vwestcu.org,404
https://www.deltacommunitycu.com,https://www.deltacommunitycu.com
https://www.dcutest.com,https://www.dcutest.com
https://www.didemo.com,404
https://www.deltacommunitycu-qa.com,https://www.deltacommunitycu-qa.com/dbank/live/app/login/consumer
https://www.dewittsavingsbank.com,https://www.dewittsavingsbank.com
https://www.dcbkhb.org,403
https://www.dcuinsurance.com,https://dcuinsurance.com/dcu-insurance/index.html
https://www.digital-stockmanbank.com,https://www.digital-stockmanbank.com/dbank/live/app/login/consumer
https://www.digital-connection-spfcu.com,https://www.southpointfinancial.com/
https://www.digitalinsight.com,403
https://www.direct.com,https://www.direct.com
https://www.stanly.com,404
https://www.statebankks.com,404
https://www.diginsite.com,404
https://www.sterlingfisenv.com,404
https://www.diutrain.com,https://www.diutrain.com
https://www.digitalbankingsupport.com,404
https://www.sunnb.com,404
https://www.dortfcuonline.org,403
https://www.docfcu.org,https://www.docfcu.org
https://www.douglascountybank.com,https://www.douglascountybank.com
https://www.docfcuonline.com,https://www.docfcu.org/
https://www.diwebsales.com,404
https://www.downeastcuonline.com,403
https://www.halsteadbank.com,403
https://www.doifcu.org,https://www.interiorfcu.org/
https://www.dsbks.com,https://www.dsbks.com/home/home
https://www.doifcuhb.org,https://www.interiorfcu.org
https://www.downeastcu.com,https://www.downeastcu.com
https://www.dugood.org,https://www.dugood.org
https://www.dugoodob.org,https://www.dugoodob.org/dbank/live/app/login/consumer
https://www.hanstonstatebank.com,404
https://www.hartfordfcu.com,403
https://www.hatborofed.com,403
https://www.harborbankgroup.com,https://www.harborbankgroup.com
https://www.hapo.org,https://www.hapo.org
https://www.hawebib1.com,404
https://www.havilandstatebank.com,https://www.havilandstatebank.com
https://www.hawaiipacific.org,404
https://www.harborstone.com,https://www.harborstone.com/home/home
https://www.dcuinsurance.org,404
https://www.dcumortgage.org,404
https://www.hebfcu.org,https://www.hebfcu.org
https://www.hendersonstatebank.net,403
https://www.heritagebanknw.com,403
https://www.dewittsb.com,404
https://www.heritageccu.com,403
https://www.holladaybank.com,https://www.holladaybank.com
https://www.homefederalbank.com,https://www.hearthsidebank.com/
https://www.digitalinsightuniversity.com,404
https://www.homesalemortgage.com,https://www.homesalemortgage.com
https://www.hometown.bank,https://www.hometown.bank
https://www.homesavings.com,https://www.yourpremierbank.com/
https://www.ditestbealbanknevada.com,404
https://www.hoosierhillscubb.org,404
https://www.hoosierhills.com,https://hoosierhills.com/
https://www.dmfcu.com,404
https://www.hsfcu-mobile.com,404
https://www.dncu.org,404
https://www.hsfcu.com,https://www.hawaiistatefcu.com/
https://www.htbna.com,https://www.hometown.bank/
https://www.hvcu.org,https://www.hvcu.org
https://www.htsfcu.org,https://peoplefirst.com/
https://www.hyperionbank.com,https://www.hyperionbank.com
https://www.hvfcu.org,https://www.hvcu.org/
https://www.hzcu.com,404
https://www.hzcu.org,https://www.hzcu.org
https://www.lafcu.org,https://www.lafcu.org
https://www.lafambank.com,https://www.fultonbank.com/Personal?redirectSource=lab
https://www.hsfcu-online.com,https://www.hsfcu-online.com
https://www.h1businessonline.com,404
https://www.laketrust.org,https://www.laketrust.org
https://www.landmarkcuonline.com,404
https://www.lapfcu.com,404
https://www.lat32onlinebanking.org,https://www.lat32onlinebanking.org
https://www.laketrustonline.org,https://www.laketrustonline.org/dbank/live/app/login/consumer
https://www.landmarkcu.com,https://landmarkcu.com/
https://www.lbcefcuonline.org,403
https://www.lbcefcu.org,https://www.lbcefcu.org
https://www.lapfcu.org,https://lapfcu.org/
https://www.hardincsb.com,404
https://www.leaderscu.com,https://www.leaderscu.com
https://www.legacytexas.com,404
https://www.latitude32.org,https://latitude32.org/
https://www.hawebbb1.com,404
https://www.libertybaycu.org,403
https://www.lcfcu.org,https://www.lcfcu.org/home/home
https://www.hawebbb2.com,404
https://www.lbcu.org,https://lbcu.org/
https://www.hawebib2.com,404
https://www.libertyonlinebanking.org,404
https://www.hawebib3.com,404
https://www.hbnycorporatebanking.com,404
https://www.hcsbnj.com,404
https://www.rbanktexas.com,403
https://www.rbanktexasib.com,404
https://www.libertybaybank.com,https://www.libertybanknw.com/
https://www.rcuonline.org,403
https://www.libertybellbank.com,https://www.libertybellbank.com/home/home
https://www.loanbank.com,404
https://www.redfcuonline.org,403
https://www.rcu.org,https://www.rcu.org
https://www.heraldnbonline.com,404
https://www.lnfcu.com,https://www.lnfcu.com
https://www.rcssehb.org,404
https://www.heritagebankwa.com,404
https://www.redfcu.org,https://www.redfcu.org
https://www.reliantcuonline.com,403
https://www.redrocks.org,https://www.redrocks.org
https://www.heritagefirstbank.com,404
https://www.lislebank.com,https://www.lsb.bank/
https://www.reliantcu.com,https://www.reliantcu.com
https://www.rfcu.com,403
https://www.riafcuhb.com,403
https://www.ridgewoodbank.com,403
https://www.reallyfreechecking.com,https://www.farmersandminersbank.com
https://www.republicbank.com,https://www.republicbank.com/home/home
https://www.relianzbank.com,404
https://www.riegelfcu.org,https://www.riegelfcu.org/home/home
https://www.rivermarkcuonline.org,403
https://www.rockymountainbank.com,https://www.rockymountainbank.com
https://www.roguecuonline.org,404
https://www.roguecuonlinetest.org,404
https://www.rfstatebank.com,https://www.rfstatebankonline2.com/home/home
https://www.river.bank,https://riverbankandtrust.com
https://www.revdigitalbanking.com,https://www.revfcu.com/
https://www.rivermarkcu.org,https://www.rivermarkcu.org
https://www.rosedalefederal.com,https://www.rosedalefederal.com
https://www.rsbiowa.com,https://www.rsbiowa.com
https://www.riverbankandtrust.com,https://riverbankandtrust.com/
https://www.hsbt.com,404
https://www.riverwindbank.com,https://www.riverwind.bank
https://www.riverwindbankonline.com,https://www.riverwind.bank
https://www.u1cu.org,https://www.u1cu.org
https://www.hvbcashmanager.com,404
https://www.u1cu.biz,https://www.u1cu.org/
https://www.u1cu.com,https://www.u1cu.org/
https://www.u1cu.net,https://www.u1cu.org/
https://www.u1cu.us,https://www.u1cu.org/
https://www.rtpfcu.org,https://www.rtpfcu.org/home/home
https://www.rollstonebankonline.com,404
https://www.rsibanking.com,404
https://www.uecu.coop,https://www.uecu.coop
https://www.u1cuonline.org,https://www.u1cu.org/
https://www.ucu.org,https://www.ucu.org
https://www.rsiinsurance.com,404
https://www.ukrfcu.com,403
https://www.ukrfcuonline.com,403
https://www.uintabank.com,https://www.uintabank.com
https://www.ulstersavings.com,https://www.ulstersavings.com
https://www.unionsla.com,404
https://www.ulstersavingsolb.com,404
https://www.unionmortgagegroup.com,404
https://www.ubtna.com,https://www.bankubt.com/
https://www.unitedcumberland.com,https://www.unitedcumberland.com
https://www.universal1cu.biz,https://www.u1cu.org/
https://www.unitedlegacybank.com,403
https://www.unbanking.org,https://www.peoplestrustfcu.org/
https://www.universal1cu.com,https://www.u1cu.org/
https://www.universal1cu.org,https://www.u1cu.org/
https://www.universal1cu.net,https://www.u1cu.org/
https://www.unitedsolutions.coop,https://www.unitedsolutions.coop
https://www.universal1cu.us,https://www.u1cu.org/
https://www.unitedhealthcu.org,https://upwardcu.org/
https://www.universalonecu.net,https://www.u1cu.org/
https://www.universalonecu.org,https://www.u1cu.org/
https://www.universalonecu.us,https://www.u1cu.org/
https://www.universalonecu.biz,https://www.u1cu.org/
https://www.uslabank.com,https://www.uslabank.com
https://www.utb.com,https://www.utb.com
https://www.usacu.org,403
https://www.uscenturyonline.net,https://www.uscenturyonline.net/dbank/live/app/login/consumer
https://www.upwardcu.org,https://upwardcu.org/
https://www.fairwindsonline.com,403
https://www.fidelitybankonline.com,https://www.fidelitybankonline.com
https://www.uwharrieonline.com,https://www.uwharrieonline.com
https://www.firstcapitalfcu.com,403
https://www.firstcommunity.com,403
https://www.fairwinds.org,https://www.fairwinds.org
https://www.fultonbank.com,https://www.fultonbank.com
https://www.utfinancialonline.org,403
https://www.ffcu.org,https://www.ffcu.org
https://www.first-online-banking.com,https://www.first-online-banking.com/dbank/live/app/login/consumer
https://www.firstcommunityexpressnet.com,404
https://www.firstrust.com,https://www.firstrust.com
https://www.firstexchangebank.com,https://www.firstexchangebank.com
https://www.fultonbankonlinebnk.com,403
https://www.gecreditunion.org,403
https://www.fabathens.com,https://www.fabt.bank/
https://www.firsttrustbankil.com,https://www.firsttrustbankil.com
https://www.fnb247.com,https://www.fnb247.com
https://www.firstlightfcu.org,https://www.firstlightfcu.org
https://www.germanamericanonline.com,403
https://www.penair.org,https://www.penair.org
https://www.gecu.com,https://www.gecu.com
https://www.globalcu.org,https://www.globalcu.org
https://www.pgbank.com,https://www.pgbank.com
https://www.pittsfordfcuonline.org,https://www.pittsfordfcuonline.org/dbank/live/app/login/consumer
https://www.pimafederal-digitalbanking.org,https://www.pimafederal-digitalbanking.org/dbank/live/app/login/consumer
https://www.gbta.net,https://www.gbta.net
https://www.priorityonefl.org,403
https://www.powerfihb.org,404
https://www.washtrust.com,403
https://www.penncommunitybank.com,https://www.penncommunitybank.com
https://www.pnwfcu.org,https://www.pnwfcu.org
https://www.premieramerica.com,https://www.premieramerica.com/home
https://www.powerfi.org,https://www.powerfi.org
https://www.germanamerican.com,https://germanamerican.com/personal/
https://www.affinityfcu.org,403
https://www.zealcreditunionhb.org,https://www.zealcu.org/
https://www.greatwesternbank.com,404
https://www.westamerica.com,https://www.westamerica.com
https://www.wcu.com,https://www.wcu.com
https://www.wpcu.coop,https://www.wpcu.coop/en-us
https://www.aerofed.net,https://www.aerofed.net
https://www.apcu.com,403
https://www.quonticbank.com,https://www.quontic.com
https://www.acuonline.org,https://www.acuonline.org/home/home
https://www.westconsincu.org,https://www.westconsincu.org
https://www.wpcuonline.net,https://www.wpcu.coop/en-us
https://www.allegiancecu.org,https://www.allegiancecu.org
https://www.alamosastatebank.com,https://www.alamosastatebank.com/home/home
https://www.atlfedcu.com,403
https://www.amboybank.com,https://www.amboybank.com
https://www.azcentralcu.org,403
https://www.atlanticunionbank.com,https://www.atlanticunionbank.com
https://www.azcentralcuonline.org,403
https://www.asbnow.com,404
https://www.azfcu.org,403
https://www.allincu.com,https://allincu.com/
https://www.elevationscu.com,403
https://www.eastwestbank.com,https://www.eastwestbank.com
https://www.elevationsbanking.com,403
https://www.ascend.org,https://ascend.org/
https://www.envisioncu.com,403
https://www.ebanksikorskycu.org,https://www.ebanksikorskycu.org/legacyob/signon/
https://www.embassybank-online.com,https://www.embassybank-online.com/dbank/live/app/login/consumer
https://www.esl.org,https://www.esl.org
https://www.empowerfcu.com,https://www.empowerfcu.com
https://www.mechanicsbankonline.com,403
https://www.exchangebank.com,https://www.exchangebank.com
https://www.eecu.org,https://www.eecu.org/home
https://www.merchantsandfarmers.com,https://www.merchantsandfarmers.com
https://www.mechanicsbank.com,https://www.mechanicsbank.com
https://www.eecuonlinebanking.org,https://www.eecu.org/home
https://www.memberspluscu.org,https://www.memberspluscu.org
https://www.essentialfcu.org,https://essentialcu.org/
https://www.memberonefcu.com,https://www.memberonefcu.com
https://www.excitecu.org,https://excitecu.org/
https://www.mhvfcu.com,403
https://www.midlandsb.com,https://www.midlandsb.com
https://www.mitfcu.org,https://www.mitfcu.org
https://www.eastmancu.org,https://www.ecu.org
https://www.meritrustcu.org,https://www.meritrustcu.org/home/home
https://www.mpscu.org,https://www.mpscu.org
https://www.meritrustcuonline.org,https://www.meritrustcu.org/home/home
https://www.myeecu.org,403
https://www.mycitizensfirst.com,https://www.mycitizensfirst.com
https://www.mvbbanking.com,https://www.mvbbanking.com
https://www.myamericu.org,https://www.myamericu.org/dbank/live/app/login/consumer
https://www.metrocu.org,https://www.metrocu.org
https://www.mycccu.com,https://www.mycccu.com
https://www.ecu.org,https://www.ecu.org
https://www.bancfirstonline.com,403
https://www.myfireonline.org,404
https://www.myinvestorsbank.com,404
https://www.mymeriwest.com,https://www.mymeriwest.com/dbank/live/app/login/consumer
https://www.kirtlandfcuonline.org,403
https://www.techcu.org,403
https://www.nvb.com,https://www.nvb.com
https://www.capcomfcuonlinebanking.org,https://www.capcomfcuonlinebanking.org
https://www.thriventcuonlinebanking.com,403
https://www.casecu.org,https://www.casecu.org
https://www.bankunitedonlinebanking.com,404
https://www.tyndallebanking.org,https://www.tyndallebanking.org
https://www.southcoastalbank.com,https://www.southcoastalbank.com
https://www.ubsh.com,404
https://www.valleybankmapleton.com,403
https://www.southerntrustbankonline.com,https://www.southerntrustbankonline.com/home/home
https://www.southpointbanking.com,https://southpoint.bank/
https://www.valleyrepublicbank.com,404
https://www.uiccuonline.org,404
https://www.vanillaib.com,404
https://www.firstib.com,404
https://www.vantagebankal.com,404
https://www.vantagebank.com,https://www.vantage.bank
https://www.vantagewest.info,404
https://www.vantagebankalabama.com,404
https://www.vantagebankonline.com,404
https://www.velocitycommunitycu.org,403
https://www.vtfcu.net,404
https://www.vantagewestcu.us,https://www.vantagewestcu.us
https://www.vantagewest.net,404
https://www.vantagewestcu.net,https://www.vantagewestcu.net
https://www.vibecu.com,404
https://www.vwestcu.mobi,404
https://www.vtfcuhb.org,https://www.vermontfederal.org/
https://www.f-n-b-online.com,404
https://www.f-mbankonline.com,http://ww25.f-mbankonline.com/?subid1=20230405-1224-4540-a59f-113958a44ee5
https://www.faisi.net,403
https://www.vystarcuonline.org,404
https://www.fafcu.com,https://www.fafcu.com
https://www.fairviewsavings.com,https://www.fairviewsavings.com
https://www.f-mbank.com,https://www.fandm.bank/
https://www.fandm.bank,https://www.fandm.bank
https://www.farmersandminersbank.com,https://www.farmersandminersbank.com
https://www.farmersandminersonline.com,403
https://www.famf.bank,https://famf.bank/
https://www.farmersandmechanicsfederal.com,https://famf.bank/
https://www.farmersbank-trust1.com,https://www.farmersbank-trust1.com
https://www.farmersstatebankmn.com,404
https://www.pfcu.com,404
https://www.faacuhb.org,https://www.jetstreamfcu.org/
https://www.fcbebanking.com,404
https://www.vwestcu.us,https://www.vwestcu.us
https://www.farmersebank.com,https://www.farmersebank.com
https://www.farmersbank-trust.com,https://www.farmersbank-trust.com
https://www.fcbob.com,https://www.fcbob.com/home/home
https://www.fdcommunityfcuhb.org,https://www.fdcommunityfcuhb.org
https://www.oneazcuonline.com,404
https://www.ffcuonlinebanking.org,https://www.ffcuonlinebanking.org/dbank/live/app/login/consumer
https://www.southerncommbank.com,404
https://www.southwestbank.com,404
https://www.spiritoftexasbankonline.com,404
https://www.valleynationaltitle.com,404
https://www.fidelitybankdc.com,https://www.fidelitybankdc.com
https://www.valleystatebank.com,404
https://www.fidelitytopeka.com,403
https://www.fffcu.org,https://www.ffcu.org/
https://www.fidelitybankdirect.com,https://www.fidelitybankonline.com/
https://www.fifthdistrict.com,https://www.fifthdistrict.com
https://www.financialaccessfcu.org,https://www.financialaccessfcu.org
https://www.financialplus.org,https://www.financialplus.org
https://www.firstamb.net,403
https://www.first-bank.net,https://www.first-bank.net/home/home
https://www.fib.com,404
https://www.firstamcashtrac.com,https://www.firstamcashtrac.com/bbw/cmserver/welcome/default/verify.cfm
https://www.firstamericanbanknm.com,https://www.firstamericanbanknm.com
https://www.finwiseonline.com,https://www.finwise.bank/
https://www.firstamericanishere.com,https://www.fabt.bank/
https://www.firstbank.net,https://www.firstbank.net/home/home
https://www.firstandfarmers.com,https://firstandfarmers.com/
https://www.firstbanklubbock.com,https://www.firstbanktexas.com:443/
https://www.firstcapitalolb.com,https://www.firstcapitalolb.com/dbank/live/app/login/consumer
https://www.firstcitizensbonline.com,403
https://www.firstchoicecu.org,https://www.firstchoicecu.org
https://www.firstcitycu.com,404
https://www.firstcitycu.org,403
https://www.firstcommercebankonline.com,https://www.firstcommercebankonline.com
https://www.firstcommercialbk.com,https://www.firstcommercialbk.com
https://www.firstcommercialbkonline.com,https://www.firstcommercialbkonline.com/legacyob/signon/
https://www.firstexchangebankonline.com,403
https://www.firstcommunitycuhb.com,404
https://www.ventanabankca.com,404
https://www.vtfcu.org,404
https://www.firstfedbucks.com,404
https://www.firstflightfcu.org,404
https://www.firstnewyork.org,403
https://www.firstpiedmont.com,403
https://www.firstfinancialtrust.com,https://www.firstfinancialtrust.com
https://www.firstfeddelta.com,https://www.firstfeddelta.bank
https://www.firstfederalbathonline.com,http://ww38.firstfederalbathonline.com/
https://www.firstsecuritybanks.com,403
https://www.firstsavingsonline.com,https://www.penncommunitybank.com/
https://www.firstshorefederal.com,403
https://www.firstprioritycuonline.com,https://www.firstprioritycuonline.com/dbank/live/app/login/consumer
https://www.fkc.bank,https://www.fkc.bank
https://www.flintcreekvb.com,403
https://www.firstsecurityhelena.com,https://ascentbank.com/
https://www.firststbk-olmsted-online.com,https://www.firststbk-olmsted-online.com/dbank/live/app/login/consumer
https://www.fanb.net,404
https://www.fanb24-7.net,404
https://www.flipyourrate.com,404
https://www.flnbdigitalbanking.com,https://www.flnbdigitalbanking.com
https://www.flowersefs.com,403
https://www.floridawestcoastonline.com,https://www.floridawestcoastonline.com/dbank/live/app/login/consumer
https://www.fmb1919secureonline.com,404
https://www.farwelllendingonline.com,404
https://www.fmberlin.com,https://www.fmberlin.com
https://www.fcbbusinessonline.com,404
https://www.fcbtxonline.com,404
https://www.fcfcubusinessbanking.com,404
https://www.feccu.com,404
https://www.fmberlinib.com,404
https://www.fidelityfederal.com,404
https://www.financeworksconsole.net,404
https://www.financeworksconsole.org,404
https://www.fnbaledo.com,404
https://www.fmshomeloans.com,403
https://www.fnbankeny.com,404
https://www.fmsbank.com,https://fmsbank.com/
https://www.fnbames.com,https://www.fnb247.com
https://www.fnbcimarron.com,https://www.fnbcimarron.com
https://www.fnbchickashaonline2.com,404
https://www.fnbbank.com,https://www.fultonbank.com/Personal?redirectSource=FnbBank
https://www.fnbdm.com,404
https://www.fnbcimarrononline.com,https://www.fnbcimarrononline.com
https://www.firstbank2.net,404
https://www.fnbelpasoib.com,404
https://www.fnbhugo-online.com,https://www.fnbhugo-online.com/dbank/live/app/login/consumer
https://www.fnbofsedan.com,404
https://www.fnbwakefieldmi.com,https://www.fnbwakefieldmi.com
https://www.fncb.com,https://www.fncb.com
https://www.fnbwynne.com,404
https://www.fordcountystatebank.com,https://www.fordcountystatebank.com
https://www.forritcu.org,403
https://www.fortbraggfcu.org,https://www.fortbraggfcu.org
https://www.firstmarkcubusiness.org,404
https://www.forteracu.com,https://www.forteracu.com
https://www.franklinbnk.com,https://www.franklinbnk.com/home/home
https://www.franklinfederal.com,https://www.franklinfederal.com
https://www.flocredit.com,404
https://www.flushingfinancial.net,404
https://www.flushingfinancial.org,404
https://www.fmb-ebank.com,404
https://www.fsbankgroup.com,https://www.fsbankgroup.com
https://www.fmisqa10.com,404
https://www.fmisqa14.com,404
https://www.fmisqa15.com,404
https://www.fmisqa6.com,404
https://www.fmisqa7.com,404
https://www.fmisqa8.com,404
https://www.fmisqa9.com,404
https://www.fsbjetmore.com,404
https://www.fsbshelby.com,https://www.fsbshelby.com
https://www.fsbwathena.com,https://www.fsbwathena.com
https://www.fsbsumner.com,https://fsbsumner.com
https://www.fsbnesscity.com,https://www.fsbnesscity.com/home/home
https://www.fsbmybank.com,https://www.fsbmybank.com/home/home
https://www.fsfsecure.com,https://www.fsfsecure.com/dbank/live/app/login/consumer
https://www.fstsb.com,https://www.fstsb.com
https://www.fultonbanknj.com,https://www.fultonbank.com/Personal?redirectSource=fultonbanknj
https://www.ftwccu.org,https://www.ftwccu.org/home/home
https://www.fnbestes.com,404
https://www.fsbhendricks.com,https://fsbhendricks.com/
https://www.fnbjonline.com,404
https://www.fultonbanknjonlinebnk.com,404
https://www.gatecitybank.com,403
https://www.fultonfinancialadvisors.com,https://www.fultonbank.com/investments
https://www.gecu-ep.org,403
https://www.gardensavingsfcuib.org,https://www.gardensavingsfcuib.org
https://www.fultonmortgagecompany.com,https://www.fultonbank.com/Personal/Mortgages
https://www.geaugasavings.com,403
https://www.geefcu.com,404
https://www.gcsbankonline.com,https://www.gcsbankonline.com/dbank/live/app/login/consumer
https://www.geddesfederal.com,https://www.geddesfederal.com
https://www.gfnationalonline.com,403
https://www.gfafcu.com,https://www.gfafcu.com
https://www.forchtbankonline.com,404
https://www.goldenpacificbank.com,403
https://www.geicofcu.org,https://www.geicocu.org/
https://www.gfnationalbbonline.com/bbw/,404
https://www.gpcu.org,403
https://www.goldcoastbank.net,https://www.goldcoastbank.net
https://www.globalcuebranch.org,https://www.globalcuebranch.org/dbank/live/app/login/consumer
https://www.goldenbeltbank.com,https://www.goldenbeltbank.com/home/home
https://www.greatbasin.org,https://www.greatbasin.org
https://www.greatbasinfcuonline.org,403
https://www.goldwaterbankonline.com,https://www.goldwaterbankonline.com/dbank/live/app/login/consumer
https://www.greatriverfcu.org,https://www.greatriverfcu.org
https://www.gpcuonline.org,https://www.gpcuonline.org/dbank/live/app/login/consumer
https://www.greateralliance.org,https://www.greateralliance.org
https://www.growwithfnb.net,403
https://www.greatriverfcuonline.org,https://www.greatriverfcuonline.org/dbank/live/app/login/consumer
https://www.greateriowaonline.org,404
https://www.fowlerstatebank.org,404
https://www.freedombkonline.com,404
https://www.frfive.com,404
https://www.fsb-hln.com,404
https://www.fsbankwest.com,404
https://www.grs1.net,404
https://www.fsbcanby.com,404
https://www.grs2.net,404
https://www.gsbaccess.com,404
https://www.fsevansville.com,404
https://www.grs3.com,404
https://www.pacificenterprisebank.com,404
https://www.gulfcoastfcuib.com,https://www.gulfcoastfcuib.com/dbank/live/app/login/consumer
https://www.gsbyourbank.com,https://mygsb.bank/
https://www.gwbconnect.com,404
https://www.parksidefcuonline.com,404
https://www.patrolmensfcu.org,404
https://www.pantexfcu.com,https://www.pantexfcu.com/home/home
https://www.parsonsfcuonline.org,404
https://www.paccitybank.com,https://www.mypcbbank.com/
https://www.pcsbbank.com,https://www.pcsbbank.com
https://www.pbcu.com,https://www.pbcu.com
https://www.partnersbankonline.com,https://www.partners.bank/
https://www.pattersonstatebank.com,https://pattersonstatebank.com/
https://www.pennliberty.info,404
https://www.pennliberty.net,404
https://www.pennliberty.org,404
https://www.pegasusbankdallas.com,https://www.pegasusbankdallas.com/home/home
https://www.partnersinsgrpllc.com,https://partnersinsgrpllc.com/
https://www.pegasus.bank,https://www.pegasusbankdallas.com/home/home
https://www.pennlibertybank.info,404
https://www.pennlibertybank.net,404
https://www.pennlibertybank.org,404
https://www.gc4bankonline2.com,404
https://www.pentucketbank.com,https://www.pentucketbank.com
https://www.peoplestrustfcuonline.org,403
https://www.peoplefirstcuonline.org,403
https://www.pentucket-bank.com,https://www.pentucketbank.com
https://www.glenrockonline.com,404
https://www.peoplefirstcu.org,https://peoplefirst.com/
https://www.peoplefirst.com,https://peoplefirst.com/
https://www.pennlibertybankonline.com,404
https://www.gsnb.com,https://gsnb.com/
https://www.greatriverfcu.com,404
https://www.plus4cu.org,404
https://www.personalbankingacu.org,404
https://www.plattevalleybank.biz,404
https://www.pittsfordfcu.org,https://www.pittsfordfcu.org
https://www.pnb.com,https://www.pnb.com
https://www.pnbkdirect.com,403
https://www.policefcu.com,https://policefcu.com/
https://www.powerco.org,https://www.powerco.org/home/home
https://www.plimothinvestmentadvisors.com,https://plimothinvestmentadvisors.com/
https://www.prestigecu.org,https://www.prestigecu.org
https://www.presidiobank.com,https://heritagebankofcommerce.bank/
https://www.prestigecuonline.org,404
https://www.primealliancebank.com,https://www.primealliance.bank/
https://www.grs4.com,404
https://www.premiermembers.org,404
https://www.grs5.com,404
https://www.primeway2go.com,404
https://www.primewayfcu.com,https://www.primewayfcu.com
https://www.gsbonlinebanking.com,404
https://www.profedcars.com,404
https://www.princetonfcu.org,https://www.princetonfcu.org/home/home
https://www.psbsecure.com,404
https://www.ptcvt.com,https://www.ptcvt.com
https://www.ptcvtonline.com,https://www.ptcvtonline.com/dbank/live/app/login/consumer
https://www.profedcu.org,https://profedcu.org/
https://www.partnersbank.com,404
https://www.pennliberty.com,404
https://www.pennlibertybank.com,404
https://www.putcobkonline.net,404
https://www.pvbonline.com,https://www.pvbonline.com/home/home
https://www.putcobkonline.org,404
https://www.qcu.org,403
https://www.qnbtdi.com,403
https://www.putnambank.com,https://www.centrevillebank.com
https://www.pvfcu.org,https://www.pvfcu.org
https://www.pgbtrust.com,404
https://www.pvfcuonline.org,https://www.pvfcuonline.org/dbank/live/app/login/consumer
https://www.wearepcsb.com,403
https://www.pnabankonline.net,404
https://www.qnbtrust.bank,https://www.qnbtrust.bank
https://www.qnbtrust.com,https://www.qnbtrust.bank/
https://www.websterfirst.com,https://www.websterfirst.com
https://www.pnbonline2.com,404
https://www.pncuonline.com,404
https://www.pointbreezecu.com,404
https://www.powerofweloans.com,404
https://www.prestigecommbankonline.com,404
https://www.westernheritagebank.com,403
https://www.whbanking.com,403
https://www.westplainsbank.com,https://www.westplainsbank.com
https://www.primesouthonline.com,404
https://www.wilsonmuirbank.com,https://www.wilsonmuirbank.com/home/home
https://www.westendbankonline.com,404
https://www.woodhuston.com,https://www.woodhuston.com/home/home
https://www.prosperitybankva.biz,404
https://www.prosperitybankva.com,404
https://www.wedbushbank.com,404
https://www.westendbank.com,404
https://www.xplorefcu.com,403
https://www.xplorefcu.org,403
https://www.xenithbanksecure.com,404
https://www.westreet.org,https://westreet.org/
https://www.yourhomebank.com,https://www.yourhomebank.com
https://www.yourcnb.com,https://www.yourcnb.com
https://www.wiscbankandtrustonline.com,404
https://www.youronlinebanksolution.com,https://www.youronlinebanksolution.com/dbank/live/app/login/consumer
https://www.aacfcu.com,https://allincu.com/
https://www.aacfcu.org,https://allincu.com/
https://www.abecu.org,404
https://www.acbaccess.com,404
https://www.acmgfcuonline.org,403
https://www.abileneteachersfcu.org,https://www.abileneteachersfcu.org
https://www.abtgold.com,https://www.abtgold.com/home/home
https://www.abefcuonlinebanking.org,https://www.abefcuonlinebanking.org/dbank/live/app/login/consumer
https://www.aeafcuonline.org,404
https://www.aeafcu.org,https://www.aeafcu.org/index.shtml
https://www.advantagefcu.org,https://www.advantagefcu.org
https://www.accessfcu.org,https://www.accessfcu.org/home/home
https://www.acuok.org,404
https://www.afcuonline.org/home/home,404
https://www.accessnational.com,403
https://www.accessnationalbank.com,403
https://www.ahcudigital.com,403
https://www.ahcu.coop,https://www.ahcu.coop
https://www.washingtonsavingsonline.com,404
https://www.agriculturefcu.net,404
https://www.westerncapitalbank.com,404
https://www.aldenst8.com,https://www.aldenst8.com/home/home
https://www.westerncommunitybank.com,404
https://www.aedcfcu.org,404
https://www.aledonationalbank.com,https://www.aledonationalbank.com
https://www.allegacy.org,https://www.allegacy.org
https://www.aftrasagfcu.org,404
https://www.allegacyfcu.org,403
https://www.alliancebank.com,403
https://www.allsouth.org,https://www.allsouth.org
https://www.xenithbank.com,404
https://www.alliancecreditunion.org,https://www.alliancecreditunion.org
https://www.alaskapacificmortgage.com,404
https://www.ambankwacoonline.com,403
https://www.amboydirect.com,403
https://www.ambankwaco.com,https://www.ambankwaco.com
https://www.americascu.org,https://www.americascu.org
https://www.alohapacificonline.com,https://www.alohapacific.com
https://www.amundsonbanks.com,404
https://www.ameriservbusinesshub.com,404
https://www.altiercu.net,https://www.americafirst.com/
https://www.ameriservmobile.com,404
https://www.am-bank.com,https://am-bank.bank/
https://www.anbsidney.com,404
https://www.americanfsb.com,http://ww25.americanfsb.com/?subid1=20230405-1229-1218-ae0f-7f77dddba974
https://www.ambankiowa.com,https://myasb.bank/
https://www.angelinabankonline.com,https://www.angelinabankonline.com
https://www.apexbank.com,https://apexbank.com/
https://www.anchorbank.com,https://www.anchorbank.com
https://www.apexbkonline.com,https://www.apexbkonline.com/dbank/live/app/login/consumer
https://www.angelinabank.com,https://www.angelinabankonline.com/
https://www.anchorcommercialbank.com,https://www.anchorbank.com/
https://www.argentcu.org,https://www.argentcu.org
https://www.aodfcu.com,https://www.aodfcu.com
https://www.arsenalcu.org,403
https://www.arhcu.org,https://www.safecu.org
https://www.ameriservonlinebank.com,404
https://www.ascentra.org,https://www.ascentra.org
https://www.ascendfcu.org,https://ascend.org/
https://www.ascentbank.com,https://ascentbank.com/
https://www.atcwebwisebanking.com,https://www.atcwebwisebanking.com/dbank/live/app/login/consumer
https://www.aspirefcu.org,https://www.penfed.org
https://www.ashevillesavings.com,404
https://www.atholsb.com,https://www.ibankasb.com/
https://www.aubankonline.com,https://dan.com/buy-domain/aubankonline.com?redirected=true
https://www.alaskapacificbank.com,404
https://www.eastriverbank.com,404
https://www.eastwis.com,403
https://www.aubwm.com,https://www.atlanticunionbank.com/wealth
https://www.ecommunitybank.org,https://www.ecommunitybank.org
https://www.ebankwest.com,https://www.ebankwest.com/home/home
https://www.edcu-digitalbanking.com,403
https://www.ecommunitybankonline.org,https://www.ecommunitybankonline.org/dbank/live/app/login/consumer
https://www.ecsb.com,https://www.ecsb.com
https://www.arrowbank.com,https://www.arrowfinancial.com/
https://www.efirstflight.com,https://www.efirstflight.com
https://www.educationcu.com,https://www.educationcu.com
https://www.edwardsfcu.org,https://edwardsfcu.org/
https://www.eicuonline.com,403
https://www.efirstflightonline.com,https://www.efirstflight.com/
https://www.elevate.bank,https://www.elevate.bank
https://www.empirenbonline.com,404
https://www.elmerbank.com,https://www.elmerbank.com
https://www.efirstunitedbank.com,https://www.efirstunitedbank.com
https://www.envisioncuonline.com,403
https://www.embassybank.com,https://www.embassybank.com
https://www.esbanc.com,404
https://www.alliancecu.org,404
https://www.envistaonline.com,https://www.envistaonline.com/dbank/live/app/login/consumer
https://www.evansvillefcu.org,https://www.evansvillefcu.org/home/home
https://www.everettcu.org,404
https://www.ameriana.com,404
https://www.americanmarinebank.com,404
https://www.americascu.com,404
https://www.mafcu.org,403
https://www.etfcu.org,https://libertyfcu.org
https://www.magbank.com,https://www.magbank.com
https://www.marinefederalhb.org,403
https://www.magiconlinebanking.com,https://www.magiconlinebanking.com
https://www.marinefederal.org,403
https://www.manateecfcu.org,https://www.financialaccessfcu.org/
https://www.esbanconline.com,https://www.esbanconline.com
https://www.anchorlink.com,404
https://www.martinfcu.org,404
https://www.applefcuonline.biz,404
https://www.applefcuonline.us,404
https://www.mazuma.org,https://www.mazuma.org
https://www.mcgrawhillfcu.org,404
https://www.mearsleasing.com,404
https://www.mbvt.com,https://www.mbvt.com
https://www.arhcuonline.org,404
https://www.mbtconline.com,https://www.mbtconline.com/legacyob/signon/
https://www.asbsiouxfalls.com,404
https://www.memberoneonline.com,https://www.memberoneonline.com
https://www.memberspluscuonline.org,https://www.memberspluscuonline.org/dbank/live/app/login/consumer
https://www.metropolitanbankca.com,404
https://arsenalcu.com/,404
https://www.met.bank,https://www.met.bank
https://www.miffbank.com,404
https://www.mfsbonlinebanking.com,https://www.mfsbonlinebanking.com/dbank/live/app/login/consumer
https://www.millingtonsb.com,404
https://www.mhvfcuebanking.com,https://www.mhvfcuebanking.com/dbank/live/app/login/consumer
https://www.middleburgfinancial.com,https://www.atlanticunionbank.com/
https://www.mid-southern.com,https://www.mid-southern.com
https://www.minncoonline.com,404
https://www.minnco.com,https://www.minnco.com/landing
https://www.mlcu.org,https://www.mlcu.org
https://www.athensd4d.com,404
https://www.mizuhovision.com,404
https://www.mnvalleyfcu-online.com,404
https://www.avoiddns.net,404
https://www.mitfcu2.org,https://www.mitfcu.org/
https://www.mnbankandtrustonline.com,404
https://www.mofcu.org,404
https://www.mvsbonline.com,https://www.mvsbonline.com
https://www.mvbnow.com,https://www.mvbnow.com
https://www.mutualsavingsbank.net,404
https://www.eslbusinessbanking.org,404
https://www.etfcuonlinebanking.org,404
https://www.mobilecnb.com,404
https://www.myargentcu.org,403
https://www.myam-bank.com,404
https://www.myasb.bank,https://www.myasb.bank
https://www.mybankwell.com,https://www.mybankwell.com
https://www.myambankiowa.com,https://www.myambankiowa.com/dbank/live/app/login/consumer
https://www.mybctonline.com,404
https://www.myazuracu.com,https://www.myazuracu.com/dbank/live/app/login/consumer
https://www.myasb.com,https://myasb.bank/
https://www.mpcu.org,https://bloomcu.org/
https://www.mycccuhb.com,https://www.mycccu.com/
https://www.mybankofinternet.com,404
https://www.mybankx.com,404
https://www.mybofiadvisor.com,404
https://www.mycoastlifecu.com,404
https://www.mycentralcitycu.com,404
https://www.mycfcudigital.com,404
https://www.myfirstib.com,403
https://www.myfirstfarmersdigital.com,404
https://www.mydfsbonline.com,https://www.mydfsbonline.com/dbank/live/app/login/consumer
https://www.myfirstdigitalhb.com,https://www.myfirstdigitalhb.com
https://www.mygecreditunion.com,403
https://www.myfirsttechfed.com,404
https://www.mygecreditunion.org,404
https://www.mylendmark.com,https://www.mylendmark.com
https://www.mymalvernbank.com,https://www.mymalvernbank.com
https://www.myhtnb.com,https://myhtnb.com/
https://www.myccatcu.com,https://www.coastlifecu.com/home/home
https://www.mbrgtogo.com,404
https://www.mymalvernbankonline.com,https://www.mymalvernbankonline.com/dbank/live/app/login/consumer
https://www.myncu.com,https://www.myncu.com
https://www.mymemorybank.com,https://www.mymemorybank.com/home/home
https://www.memberstitleonline.com,404
https://www.ezedeposit.com,404
https://www.mypcbbank.com,https://www.mypcbbank.com
https://www.mypbcuonline.com,https://www.mypbcuonline.com/dbank/live/app/login/consumer
https://www.myncuonline.com,https://www.myncu.com
https://www.myrhbt.com,https://www.myrhbt.com
https://www.myrvcbonline.com,404
https://www.mysouthshorebank-secure.com,https://www.mysouthshorebank-secure.com/dbank/live/app/login/consumer
https://www.myunionfederal.com,https://www.myunionfederal.com
https://www.mysummitfcu.org,https://www.summitfcu.org/
https://www.mygwb.com,404
https://www.myunionstate.com,https://www.myunionstate.bank/
https://www.myuccu.com,https://myuccu.com/
https://www.1cb.com,https://www.1cb.com
https://www.1stmidamerica.org,https://www.1stmidamerica.org
https://www.1stsummit.bank,403
https://www.1stsummit.com,403
https://www.1stmidamericaonline.org,https://www.1stmidamericaonline.org/dbank/live/app/login/consumer
https://www.myufbdirect.com,404
https://www.myvirtusbank.com,404
https://www.4businessbanking.com/bbw/,404
https://www.bancfirstbusinessonline.com,https://www.bancfirstbusinessonline.com/bbw/cmserver/welcome/default/verify.cfm
https://www.bancorpsouthmortgage.com,404
https://www.mylibertyfinancial.com,https://libertyfcu.org
https://www.bangortreasury.com,https://www.bangortreasury.com/bbw/cmserver/welcome/default/verify.cfm
https://www.monsonsavingsbusns.com,404
https://www.bank34.com,https://www.bank34.com
https://www.bank5connectonline.com,403
https://www.bank34onlinebanking.com,https://www.bank34onlinebanking.com/dbank/live/app/login/consumer
https://www.bank5connect.com,https://www.bank5connect.com
https://www.bankfinancialonline.com,https://www.bankfinancial.com
https://www.myaffinitypartnersbank.com,404
https://www.bankfirstfs.com,https://www.bankfirstfs.com
https://www.bankfcb.com,https://www.bankfcb.com/en-us/
https://www.bankfiveonline.com,403
https://www.bankfiveninedigital.com,https://www.bankfiveninedigital.com/dbank/live/app/login/consumer
https://www.bankfnbt.com,https://www.bankfnbt.com
https://www.bankgloucester.com,https://www.bankgloucester.com
https://www.bankhbl.com,https://www.bankhbl.com
https://connectionsbank.com/,404
https://www.bankofcommerceandtrust.com,https://www.bankofcommerceandtrust.com/home/home
https://www.bankofdudley.com,https://www.bankofdudley.com
https://www.bankofcommerceandtrust.org,https://www.bankofcommerceandtrust.com/home/home
https://www.mybofifederalbank.com,404
https://www.mycentier.net,404
https://www.bankofdelmarva.com,https://www.bankofdelmarvahb.com/home/home
https://www.bankoffincastle.bank,https://www.fbvirginia.com/
https://www.bankofhays.com,403
https://www.bankofestespark.com,https://www.bankofestespark.com
https://www.bankofoldmonroeonline.com,403
https://www.bankofoldmonroe.com,https://www.bankofoldmonroe.com
https://www.bankpatriot.com,403
https://www.bankofwhitewater.com,https://dan.com/buy-domain/bankofwhitewater.com?redirected=true
https://www.bankpds.com,403
https://www.4thebank.com,https://www.4thebank.com
https://www.bankofherrin.com,https://www.bankofherrin.com
https://www.banksbt.com,https://www.banksbt.com
https://www.banksouth.biz,404
https://www.myfcb.bank,404
https://www.bankoffincastle.com,404
https://www.bankplus.com,https://www.bankplus.net/
https://www.banksouth.com,https://banksouth.com/
https://www.bankwithmnb.com,https://www.bankwithmnb.com/home/home
https://www.bcbonline.com,403
https://www.bankwithusb.com,https://usavingsbank.com/
https://www.bedfed.com,https://www.bedfed.com
https://www.bestlittlebank.com,https://www.farmersandminersbank.com
https://www.baycoastbank.com,https://baycoast.bank/en/
https://www.mymainsourcebizbanking.com,404
https://www.bfgfcu.org,https://www.bfgfcu.org/home/home
https://www.bhcfcu.org,https://www.bhcfcu.org
https://www.bhcfcuonline.org,https://www.bhcfcuonline.org/dbank/live/app/login/consumer
https://www.myunionstateonline.com,404
https://www.1stcameron.com,404
https://www.bhfcu.net,https://www.bhfcu.com/
https://www.1streadyonline.com,404
https://www.2riversbankonline.com,404
https://www.bloomcu.net,https://bloomcu.org/
https://www.bloomcuonline.org,404
https://www.bloomcu.org,https://bloomcu.org/
https://www.bancobuenaventura.com,404
https://www.bancorpsouthdirect.com,404
https://www.blueharborbankonline.com,404
https://www.blueridgesavingsonline.com,404
https://www.bluespiremarketing.net,404
https://www.brannenbanks.com,https://www.brannenbanks.com
https://www.boonebankiowa.com,https://www.boonebankiowa.com
https://www.brattbank.com,https://www.brattbank.com
https://www.brattbankonline.com,404
https://www.bridgewatercu.com,404
https://www.brannenonline.com,https://www.brannenonline.com/dbank/live/app/login/consumer
https://www.bankalaska.com,404
https://www.brtelcoonline.org,https://www.brtelco.org/
https://www.brtelco.org,https://www.brtelco.org
https://www.brookcsb.com,https://www.brookcsb.com/dbank/live/app/login/consumer
https://www.calhounbanks.com,https://www.calhounbanks.com
https://www.bylinebankonline.com,https://cibng.ibanking-services.com/eAM/Credential/Index?orgId=175_071001533&FIFID=071001533&brand=175_071001533&appId=CeB&FIORG=175
https://www.cacu.com,https://www.communityamerica.com/
https://www.bankofbolivarmo.com,404
https://www.canopycuonline.com,https://www.canopycuonline.com/dbank/live/app/login
https://www.calumetbank.com,404
https://www.capebanknj.com,https://www.capebanknj.com
https://www.casecu.com,https://www.casecu.org/
https://www.bankofoswego.com,404
https://www.cbcfcu.org,https://www.cbcfcu.org
https://www.cbibt.com,403
https://www.banksis.com,404
https://www.bayercu.org,404
https://www.bearstatebank.com,404
https://www.belmontsavings.com,404
https://www.bethpagefcuonline.org,404
https://www.cbbcnj.com,https://www.cbbcnj.com
https://www.bfsalerts.com,404
https://www.cbibtonline.com,404
https://www.bizbank2.com,404
https://www.cbtxonline.com,403
https://www.cbtx.com,https://www.cbtx.com
https://www.bizlinktaxpayments.com,404
https://www.ccatcu.com,https://www.coastlifecu.com/home/home
https://www.cbtva-online.com,404
https://www.cbutah.com,https://cbutah.com/
https://www.bncfgonline.com,404
https://www.centurybankky.mobi,404
https://www.centralbank-kansas.com,404
https://www.centurysb.com,https://www.centurysb.com
https://www.businesse-vantage.com,404
https://www.businesstcb.com,404
https://www.cefcu.org,https://www.caltechefcu.org/home/home
https://www.chevronfcuhbtest.org,https://www.chevronfcuhbtest.org
https://www.cf-bank.com,https://www.cf-bank.com
https://www.citizensbankal.com,https://www.citizensbankal.com
https://www.cierabank.com,https://www.cierabank.com
https://www.citizens-banking.com,https://www.citizens-banking.com
https://www.clintonsavings.com,403
https://www.clearviewfcuib.org,403
https://www.clintonsavingsonline.com,403
https://www.cleanenergyfcuonline.org,https://www.cleanenergycu.org/
https://www.clintonbankky.com,https://www.clintonbankky.com/home/home
https://www.coastlifecu.com,https://www.coastlifecu.com/home/home
https://www.cnb-metropolis.com,https://www.cnb-metropolis.com
https://www.candidate13.com,404
https://www.candidate14.com,404
https://www.columbiabanknj.com,https://www.columbiabankonline.com/
https://www.cnbtexas.com,https://www.verabank.com/
https://www.commercefirstbank.com,404
https://www.cbandtonline.com,404
https://www.coastway.com,https://www.harborone.com/home?utm_source=coastway.com&utm_medium=referral
https://www.communitybank.bz,http://affordablehealthinsurance4u.com/
https://www.commfirstbank.net,https://www.cfbh.bank/
https://www.cbt1212bpadmin.com,404
https://www.consumersbank.com,https://www.consumers.bank/
https://www.coresitebuild1.com,404
https://www.ccbankbb.com,404
https://www.ccbsite.com,404
https://www.centralbankgaonline.com,404
https://www.centralstate.com,404
https://www.centralstateonline.com,404
https://www.cpdfcu.com,https://www.cpdfcu.com
https://www.cpdfcuhomebanking.com,https://www.cpdfcuhomebanking.com/legacyob/signon/
https://www.crcu.org,https://www.crcu.org
https://www.crcuonline.org,https://www.crcu.org
https://www.crosscounty.com,https://www.crosscounty.com/home/home
https://www.changeyourbank.org,404
https://www.citizensunionbank.com,404
https://www.cityfcu.com,404
https://www.csbnetbank.com,403
https://www.csbdirectbanking.com,404
https://www.csbwebonline.com,https://www.cambridgesavings.com/
https://www.ctcu.org,https://www.ctcu.org
https://www.coastlandfcu.org,404
https://www.cobaltbank.com,404
https://www.columbianj.com,404
https://www.kawvalleystatebank.com,https://www.kawvalleystatebank.com
https://www.cyfairfcu.org,https://www.cyfairfcu.org
https://www.customersbankonline.com,404
https://www.cunj.org,https://www.cunj.com/
https://www.kilgorenb.com,404
https://www.comcapbancshares.com,404
https://www.kineticcu.com,https://www.kineticcu.com
https://www.kingsfcu.com,403
https://www.kingsfcuonline.com,404
https://www.cscu.org,https://cscu.org/
https://www.kcbks.bank,https://www.kcbks.bank
https://www.kearnycountybank.com,https://www.kearnycountybank.com
https://www.kanzabank.com,https://kanza.bank/
https://www.kineticcuonline.com,https://www.kineticcu.com/
https://www.communityamericaonlinebanking.com,404
https://www.kirtlandcu.org,https://kirtlandcu.org/
https://www.kirtlandfcu.org,https://kirtlandcu.org/
https://www.kirtlandfcu.com,https://kirtlandcu.org/
https://connectionsbank.com/,404
https://www.constellationfcu.org,404
https://www.nassauedonline.org,404
https://www.nassaufinancial.org,https://www.nassaufinancial.org
https://www.nefamily.coop,403
https://www.ncpdfcu.org,https://www.ncpdfcu.org/home/home
https://www.ncrtestfi1.com,https://www.ncrtestfi1.com/dbank/live/app/login/consumer
https://www.neighborscu.org,403
https://www.nechesfcuhb.org,403
https://www.necb.com,https://www.necb.com
https://www.needhambankbizedge.com,https://www.needhambankbizedge.com/dbank/live/app/login/consumer
https://www.nmsb.com,404
https://www.ncrtestfi2.com,404
https://www.newwashbank.com,https://www.newwashbank.com/home/home
https://www.nodawayvalleybank.com,https://www.nvb.com/
https://www.noblecu.com,https://www.noblecu.com/home/home
https://www.northernsecured.com,404
https://www.noffcu.org,https://www.noffcu.org
https://www.northislandcu.com,403
https://www.northcountry.org,https://www.northcountry.org
https://www.corpbankingsolutions.com,404
https://www.northcountycu.org,https://www.northcountycu.org/home/home
https://www.nefamily.org,404
https://www.netbankonlinebanking.com,404
https://www.northislandbanking.com,404
https://www.numarkcu.org,https://www.numarkcu.org
https://www.nufcuolb.com,404
https://www.numarkcuonline.org,https://www.numarkcuonline.org
https://www.novationebranch.org,https://www.novationebranch.org/dbank/live/app/login/consumer
https://www.newtownemortgage.com,https://www.newtownemortgage.com
https://www.novation.org,https://novation.org/
https://www.coventrycu.org,404
https://www.nuvobankonline.com,404
https://www.occu.org,https://www.occu.org
https://www.ob-winsouthcu.com,https://www.ob-winsouthcu.com
https://www.oceanstatecu.org,https://www.oceanstatecu.org/home/home
https://www.ocbconnect-online.com,404
https://www.ohecu.com,https://www.ohecu.com
https://www.ohecu.net,https://www.ohecu.com/
https://www.ohioecu.net,404
https://www.odcm.com,https://carystreetpartners.com/office/charlottesville-virginia/
https://www.ohioecu.org,404
https://www.ohecu.org,https://www.ohecu.com/
https://www.csbdirect.com,404
https://www.ohioedcu.net,403
https://www.ohioedcu.com,https://www.ohecu.com/
https://www.ohioedcu.site,403
https://www.ohioedcu.org,https://www.ohecu.com/
https://www.olb-waunafcu.org/home/home,404
https://www.olycu-digitalbanking.org,https://www.olycu-digitalbanking.org/dbank/live/app/login/consumer
https://www.cscu-onlinebanking.org,404
https://www.omniamericanbank.com,404
https://www.onlinebanking-sactocu.org,403
https://www.omsefcu.org,https://www.omsefcu.org
https://www.onlinebanking-fsbmapleton.com,404
https://www.onlinebanking-fsbse.com,404
https://www.onlinebankingconsumerscu.org,404
https://www.onlinemetrofcu.org,404
https://www.onlinebankingpcsb.com,404
https://www.onlinemecu.com,https://www.onlinemecu.com/dbank/live/app/login/consumer
https://www.onlinestatenebank.com,404
https://www.kleinbank.com,404
https://www.nafhnbhb.com,404
https://www.orlandofederalcuonline.org,404
https://www.nasb.org,404
https://www.opportunitybank.com,https://www.opportunitybank.com
https://www.oppbank.com,https://opportunitybank.com/
https://www.oterofcu.org,403
https://www.ourfsb.bank,https://www.ourfsb.bank
https://www.tcbanks.com,https://www.tcbanks.com/home/home
https://www.nbcok.com,404
https://www.newburyportbank.com,404
https://www.tdspseg.com,https://www.tdspseg.com
https://www.tcfcuinternetbanking.com,https://www.tcfcu.com/
https://www.tdspsrck.com,404
https://www.tdspsol.com,https://www.tdspsol.com
https://www.tdspsac.com,404
https://www.northtownbankonline.com,404
https://www.ntbank.net,404
https://www.tdspsrw.com,404
https://www.tdspsdv.com,404
https://www.tdspssm.com,404
https://www.tdspsym.com,https://www.tdspsym.com
https://www.technicolorfcu.org,https://www.technicolorfcu.org
https://www.texastechfcu.org,https://www.texastechfcu.org
https://www.territorialsavings.net,403
https://www.nynbcashmanager.com,404
https://www.tdspsys.com,https://www.tdspsys.com
https://www.tdspszion.com,https://www.tdspszion.com
https://www.ochome.com,404
https://www.testrcuonline.org,https://www.testrcuonline.org/dbank/live/app/login/consumer
https://www.oefcu.com,404
https://www.ohioecu.com,404
https://www.tdspssq.com,https://www.tdspssq.com/connect/web/guest/home?p_p_id=58&p_p_lifecycle=0&p_p_state=maximized&p_p_mode=view&saveLastPath=0&_58_struts_action=%2Flogin%2Flogin
https://www.thebank.bank,https://www.thebank.bank
https://www.tfcu-fl.org,https://www.tfcu-fl.org
https://www.oncore2008.org,404
https://www.thebankofhouston.com,https://www.thebankofhouston.com
https://www.thebankofbillingsonline.com,404
https://www.theseymourbank.com,https://www.theseymourbank.com
https://www.thecolumbiabank.com,https://www.fultonbank.com/Personal?redirectSource=tcb
https://www.onlinemetrobank-na.com,404
https://www.texfed.com,404
https://www.osufcuonline.com,404
https://www.thebankofaugustaonline.com,404
https://www.thebrandbank.com,403
https://www.thepartnershipfcu.net,404
https://www.thepolicecudigital.org,https://www.thepolicecudigital.org/dbank/live/app/login/consumer
https://www.thsb.com,https://www.thsb.com/home/home
https://www.thefmbankonline.com,404
https://www.tohefcu.org,403
https://www.totalbank.com,https://www.totalbank.com
https://www.ticfcu.com,404
https://www.tempfirsttrustbankil.com,404
https://www.totaldirectbank.com,https://www.totaldirectbank.com
https://www.townandcountrycuonline.com,404
https://www.townandcountry.org,https://www.townandcountry.org
https://www.thebank-louisiana.com,404
https://www.thinkfnb.net,404
https://www.thebeneficial.com,404
https://www.ticebranch.com,404
https://www.tradersandfarmersbank.com,404
https://www.townebankmortgage.com,https://www.townebankmortgage.com
https://www.towneinsurance.com,https://www.towneinsurance.com
https://www.totalbankonline.com,404
https://www.trianglecu.org,403
https://www.therightbank.com,404
https://www.triadbanking.com,https://www.triadbanking.com
https://www.townemortgage.us,https://www.townemortgage.us
https://www.treatyoakbank.com,https://www.treatyoakbank.com
https://www.townecarolinas.com,https://www.townecarolinas.com
https://www.treasurestatebankol.com,404
https://www.trunorthcu.org,https://www.trunorthcu.org
https://www.tsbawake24.com,https://www.tsbawake24.com
https://www.thepcb.bank,404
https://www.tropicalfinancial.org,404
https://www.trinitybksecure.com,404
https://www.trugrocercuonline.com,403
https://www.tscaddyshack.com,404
https://www.twsb.com,404
https://www.tulsafederalcu-accounts.org,https://onlinebanking.westreet.org/dbank/live/app/login/consumer
https://www.tulsafederalcu.org,https://westreet.org/
https://www.txtbanking.net,404
https://www.traditionalbankonline.com,404
https://www.trianglecuonline.org,404
https://www.trinitybk.com,404
https://www.twcu.org,404
