Amazon Brands,URL
Optimum Nutrition,https://www.amazon.com/stores/OPTIMUMNUTRITION/OPTIMUMNUTRITION/page/E7F66C6A-49C9-4712-9DA5-9485E3BB3BA3
BSN,https://www.amazon.com/stores/page/FA3A35FD-3A13-47E1-8DEF-C4B8E9163EC5?ingress=0&visitId=6b331d66-fe97-450a-87ea-321252380933
Isopure,https://www.amazon.com/isopure/s?k=isopure
SlimFast,https://www.amazon.com/slim-fast/s?k=slim+fast
Quest Nutrition,https://www.amazon.com/stores/QuestNutrition/QuestNutrition/page/60EEC250-AD58-42BA-8FAA-2AE70856EE70
Liquid I.V.,https://www.amazon.com/liquid-iv/s?k=liquid+iv
Premier Protein,https://www.amazon.com/premier-protein/s?k=premier+protein
Dymatize,https://www.amazon.com/dymatize-whey-protein/s?k=dymatize+whey+protein
Orgain,https://www.amazon.com/Orgain/s?k=Orgain
Atkins,https://www.amazon.com/s?k=atkins&crid=44C82KNH42C&sprefix=atkins%2Caps%2C142&ref=nb_sb_noss_2
Muscle Milk,https://www.amazon.com/s?k=muscle+milk&crid=2PXIBSVY8LLMH&sprefix=Muscle+%2Caps%2C149&ref=nb_sb_ss_ts-doa-p_1_7
Nature's Bounty,https://www.amazon.com/s?k=natures+bounty&crid=2GAFYF8XOT5LL&sprefix=natures+boun%2Caps%2C138&ref=nb_sb_ss_ts-doa-p_1_12
Now Foods,https://www.amazon.com/s?k=now+foods&crid=2LD9NTOY6Q9L5&sprefix=now+food%2Caps%2C141&ref=nb_sb_noss_2
Nature Made,https://www.amazon.com/s?k=nature+made&crid=WRBEYZPG2YQC&sprefix=nature+mad%2Caps%2C146&ref=nb_sb_noss_2
Nature's Way,https://www.amazon.com/s?k=nature%27s+way&crid=2GE3XLCS87II5&sprefix=nature%27s+way%2Caps%2C175&ref=nb_sb_noss_1
Garden of Life ,https://www.amazon.com/s?k=garden+of+life&crid=3MQ7SA3M8V369&sprefix=garden+of+%2Caps%2C126&ref=nb_sb_ss_ts-doa-p_1_10
Sports Research,https://www.amazon.com/s?k=sports+research&crid=1NCPCNE795DF3&sprefix=Sports+re%2Caps%2C124&ref=nb_sb_ss_ts-doa-p_1_9
Vitafusion,https://www.amazon.com/s?k=vitafusion&crid=2XEWTETWT5UVG&sprefix=vitafusion%2Caps%2C135&ref=nb_sb_noss_1
Puritans Pride,https://www.amazon.com/s?k=puritan%27s+pride&crid=2MLM8J6JAUR2D&sprefix=Purita%2Caps%2C136&ref=nb_sb_ss_ts-doa-p_1_6
Premier Protein,https://www.amazon.com/s?k=premier+protein&crid=1QQDMMGAKHIJQ&sprefix=Premier+%2Caps%2C138&ref=nb_sb_ss_ts-doa-p_2_8
Core Power,https://www.amazon.com/s?k=core+power&crid=Z04W8SLSCU79&sprefix=core+power%2Caps%2C134&ref=nb_sb_ss_ts-doa-p_2_10
Boost,https://www.amazon.com/s?k=boost&crid=J6OSX6D2GPD7&sprefix=boost%2Caps%2C134&ref=nb_sb_ss_ts-doa-p_3_5
Gatorade,https://www.amazon.com/s?k=gatorade&sprefix=gatorad%2Caps%2C211&ref=nb_sb_ss_ts-doa-p_1_7
Soylent,https://www.amazon.com/s?k=soylent&crid=25YW5OVQUZ7HI&sprefix=soylent%2Caps%2C148&ref=nb_sb_noss_1
Ensure,https://www.amazon.com/s?k=ensure&crid=1PU98MA6BWLCF&sprefix=ensure%2Caps%2C139&ref=nb_sb_ss_ts-doa-p_1_6
Goli,https://www.amazon.com/s?k=goli&crid=2N42Y49Q8ZL3L&sprefix=goli%2Caps%2C136&ref=nb_sb_noss_1
Jacked Factory,https://www.amazon.com/s?k=jacked+factory&crid=1M9QMIJ19XJ1V&sprefix=jacked+fact%2Caps%2C148&ref=nb_sb_ss_ts-doa-p_1_11
Dr.Tobias,https://www.amazon.com/s?k=dr+tobias&crid=1VCNQJK1CQHZ6&sprefix=dr+tobia%2Caps%2C135&ref=nb_sb_ss_ts-doa-p_1_8
Hdroxycut,https://www.amazon.com/s?k=hydroxycut&crid=583UVXT43RZS&sprefix=hydro%2Caps%2C156&ref=nb_sb_ss_ts-doa-p_1_5
Herbtonics,https://www.amazon.com/s?k=herbtonics&sprefix=herbtonics%2Caps%2C125&ref=nb_sb_ss_ts-doa-p_1_10
ORPHIC NUTRITION,https://www.amazon.com/s?k=orphic+nutrition&sprefix=orphic+nutr%2Caps%2C126&ref=nb_sb_ss_ts-doa-p_2_11
Herbalife,https://www.amazon.com/s?k=herbalife&crid=TF31YFJ6QGTM&sprefix=herbalife%2Caps%2C132&ref=nb_sb_noss_1
Cellucor,https://www.amazon.com/s?k=cellucor&crid=EPKB08WPUZEY&sprefix=cellu%2Caps%2C119&ref=nb_sb_ss_ts-doa-p_1_5
GNC,https://www.amazon.com/s?k=gnc&crid=1S8IGXCU753WH&sprefix=GNC%2Caps%2C133&ref=nb_sb_ss_ts-doa-p_1_3
Pure Protein,https://www.amazon.com/s?k=pure+protein&crid=OLX0I7690PWX&sprefix=pure+prote%2Caps%2C119&ref=nb_sb_ss_ts-doa-p_1_10
Six Star,https://www.amazon.com/s?k=six+star&crid=3QYP8MBK2Z076&sprefix=six+star%2Caps%2C136&ref=nb_sb_noss_1
MyProtein,https://www.amazon.com/s?k=Myprotein&crid=3IBD1E7WO7Z4Z&sprefix=myprotein%2Caps%2C139&ref=nb_sb_noss_1
Optimum Nutrition,https://www.amazon.co.uk/s?k=optimum+nutrition&crid=QEL3KLQB7LME&sprefix=optimum+nutrition%2Caps%2C206&ref=nb_sb_noss_1
SlimFast,https://www.amazon.co.uk/s?k=slimfast&crid=1DJFS79UBMRBJ&sprefix=slimfast%2Caps%2C200&ref=nb_sb_noss_1
Grenade,https://www.amazon.co.uk/s?k=Grenade&crid=AKP2D2JVPB8Y&sprefix=grenad%2Caps%2C202&ref=nb_sb_noss_2
Bulk,https://www.amazon.co.uk/s?k=Bulk&crid=1VEUGY37XTYPO&sprefix=bulk%2Caps%2C202&ref=nb_sb_noss_1
Myprotein,https://www.amazon.co.uk/s?k=myprotein&crid=2O284T0J2IGSW&sprefix=Myprot%2Caps%2C221&ref=nb_sb_ss_ts-doa-p_1_6
Science in Sport,https://www.amazon.co.uk/s?k=science+in+sport&crid=1G3XAWGBNXMYE&sprefix=science+in+sport%2Caps%2C216&ref=nb_sb_noss_1
Complan,https://www.amazon.co.uk/s?k=complan&crid=2QBDNADSL04U0&sprefix=compl%2Caps%2C212&ref=nb_sb_ss_ts-doa-p_1_5
PhD Nutrition,https://www.amazon.co.uk/s?k=phd+nutrition&sprefix=phd+nutri%2Caps%2C198&ref=nb_sb_ss_ts-doa-p_1_9
Nu U Nutrition,https://www.amazon.co.uk/s?k=nu+u+nutrition&sprefix=nu+u+nut%2Caps%2C211&ref=nb_sb_ss_ts-doa-p_1_8
Natures aid,https://www.amazon.co.uk/s?k=natures+aid&sprefix=natures%2Caps%2C202&ref=nb_sb_ss_ts-doa-p_1_7
Solgar,https://www.amazon.co.uk/s?k=solgar&sprefix=solgar%2Caps%2C206&ref=nb_sb_ss_ts-doa-p_1_6
Nutravita,https://www.amazon.co.uk/s?k=nutravita&sprefix=Nutravi%2Caps%2C210&ref=nb_sb_ss_ts-doa-p_1_7
incite nutrition,https://www.amazon.co.uk/stores/InciteNutrition/Homepage/page/CBB3A4D0-F9F7-42C8-B7FF-A1254CA85EA5
Centrum,https://www.amazon.co.uk/s?k=centrum&crid=1G2OO7WQDW7P4&sprefix=centrum%2Caps%2C212&ref=nb_sb_noss_1
Zipvit,https://www.amazon.co.uk/s?k=Zipvit&crid=2ORDLPHMZIDOK&sprefix=zipvit%2Caps%2C218&ref=nb_sb_noss_1
Lindens,https://www.amazon.co.uk/s?k=Lindens&crid=2TJRASRGKDBSF&sprefix=lindens%2Caps%2C214&ref=nb_sb_noss_1
MyProtein,https://www.amazon.co.uk/s?k=myprotein&sprefix=myprotein%2Caps%2C218&ref=nb_sb_ss_ts-doa-p_1_9
USN,https://www.amazon.co.uk/s?k=USN&crid=3FZFNEZYQ3LFS&sprefix=usn%2Caps%2C208&ref=nb_sb_noss_1
Bulk,https://www.amazon.co.uk/s?k=Bulk&crid=1BC3YJ1ZSI3RM&sprefix=bulk%2Caps%2C194&ref=nb_sb_noss_1
BSN,https://www.amazon.co.uk/s?k=BSN&crid=1RJ08G51PV1A1&sprefix=bsn%2Caps%2C208&ref=nb_sb_noss_1